{
    "name": "Ticktok Scrapper",
    "description": "Tiktock Scrapper Handled by Timebucks",
    "version": "1.0",
    "manifest_version": 2,
    "icons":{
        "16": "./favicon/favicon-16x16.png",
        "32": "./favicon/favicon-32x32.png",
        "48": "./favicon/android-icon-96x96.png",
        "128": "./favicon/android-icon-144x144.png"
    },
    "background": {
        "scripts": ["background.js"]
    },
    "browser_action": {
        "default_popup": "popup.html"
    },
    "content_scripts": [
        {
        "matches": [
            "https://www.tiktik.com/*"
        ],
        "js": ["tiktokpage.js"]
        }
    ],
    "permissions": [
        "tabs", "https://www.tiktok.com/*","storage","background","downloads","notifications" 
    ]


}